123, 87, 467, 477, 373, 60, 170, 240, 84, 168, 467, 64, 197, 101, 366, 209, 464, 390, 297, 141, 330, 481, 306, 460, 304, 283, 404, 170, 168, 416, 467, 168, 240, 364, 369, 463, 373, 150, 396, 254, 293, 104, 271, 239, 188, 368, 305, 316, 467, 105, 413, 212, 323, 487, 264, 159, 148, 214, 319, 102, 243, 76, 495, 266, 353, 129, 228, 81, 230, 399, 288, 297, 230, 66, 91, 145, 474
74, 381, 108, 240, 156, 104, 465, 309, 388, 345, 165, 185, 249, 239, 377, 367, 202, 336, 474, 220, 62, 468, 275, 241, 135, 211, 461, 441, 117, 301, 324, 104, 89, 165, 227, 162, 76, 162, 139, 226, 397, 428, 398, 259, 209, 226, 304, 217, 477, 81, 441, 52, 437, 468, 147, 493, 460, 118, 238, 129, 422, 452, 157, 244, 146, 234, 187, 160, 65, 140, 286, 52, 454, 498, 360, 402, 471
381, 151, 424, 436, 263, 379, 305, 181, 371, 50, 452, 268, 117, 77, 487, 278, 335, 251, 198, 103, 454, 202, 365, 396, 165, 277, 126, 434, 331, 157, 269, 366, 87, 213, 405, 432, 54, 253, 271, 70, 210, 290, 151, 207, 418, 56, 108, 69, 170, 493, 94, 440, 254, 385, 185, 272, 214, 387, 300, 463, 427, 175, 211, 96, 476, 155, 83, 356, 278, 151, 118, 434, 263, 272, 61, 474, 413
292, 345, 225, 239, 149, 494, 437, 454, 137, 53, 338, 418, 181, 215, 236, 269, 207, 375, 341, 64, 350, 326, 173, 170, 469, 426, 90, 183, 76, 99, 267, 340, 359, 218, 94, 446, 149, 188, 428, 284, 257, 164, 244, 71, 58, 121, 265, 449, 285, 328, 479, 279, 112, 107, 339, 224, 250, 213, 108, 398, 266, 177, 60, 149, 301, 98, 485, 304, 301, 232, 362, 162, 369, 163, 197, 99, 167
261, 113, 74, 317, 230, 377, 135, 339, 393, 206, 149, 177, 456, 240, 342, 137, 199, 125, 149, 436, 475, 165, 301, 414, 104, 413, 375, 447, 53, 454, 259, 375, 190, 481, 130, 231, 114, 147, 450, 164, 414, 327, 297, 227, 457, 292, 57, 105, 200, 336, 415, 147, 360, 202, 162, 165, 412, 165, 467, 230, 296, 224, 312, 267, 392, 328, 261, 417, 138, 249, 81, 54, 177, 248, 475, 500, 187
310, 226, 124, 289, 125, 304, 215, 216, 454, 347, 350, 180, 431, 189, 495, 51, 51, 430, 101, 403, 62, 293, 277, 255, 455, 365, 145, 253, 73, 122, 318, 319, 433, 93, 90, 84, 192, 188, 374, 432, 124, 408, 145, 92, 314, 440, 360, 294, 340, 196, 240, 90, 343, 445, 194, 174, 171, 305, 466, 86, 496, 423, 357, 197, 222, 232, 381, 424, 118, 295, 322, 470, 66, 302, 323, 292, 254
205, 294, 51, 483, 260, 237, 137, 125, 439, 193, 234, 292, 337, 442, 424, 287, 75, 287, 460, 172, 370, 180, 94, 435, 129, 175, 464, 148, 91, 271, 228, 146, 90, 298, 330, 203, 491, 244, 153, 329, 250, 283, 50, 163, 378, 479, 473, 429, 258, 65, 259, 312, 212, 373, 125, 184, 417, 241, 471, 289, 68, 194, 376, 395, 141, 185, 451, 373, 489, 201, 219, 476, 72, 323, 166, 463, 351
281, 140, 300, 423, 271, 478, 453, 161, 324, 95, 492, 289, 446, 373, 201, 225, 277, 306, 122, 210, 485, 230, 424, 113, 50, 211, 190, 83, 132, 168, 312, 301, 259, 222, 168, 379, 441, 278, 237, 80, 303, 169, 204, 404, 377, 71, 134, 439, 115, 405, 322, 186, 160, 352, 469, 321, 288, 477, 126, 137, 446, 170, 323, 365, 494, 104, 163, 301, 435, 389, 332, 83, 388, 213, 267, 98, 397
236, 276, 187, 156, 323, 258, 401, 83, 429, 314, 329, 109, 477, 332, 468, 325, 158, 420, 466, 226, 355, 285, 496, 256, 88, 266, 381, 324, 98, 454, 427, 428, 386, 85, 121, 245, 187, 481, 489, 212, 294, 210, 139, 291, 127, 305, 58, 492, 145, 281, 237, 302, 177, 496, 91, 476, 404, 356, 463, 486, 414, 66, 370, 395, 474, 250, 431, 379, 483, 81, 158, 482, 178, 229, 83, 153, 277
240, 410, 92, 417, 119, 325, 330, 107, 365, 106, 193, 379, 203, 252, 350, 267, 252, 413, 60, 103, 192, 438, 388, 455, 229, 218, 161, 155, 310, 124, 288, 263, 494, 377, 348, 382, 412, 55, 316, 295, 440, 271, 422, 330, 365, 459, 286, 204, 377, 304, 255, 411, 296, 147, 293, 255, 252, 267, 474, 397, 145, 339, 177, 100, 439, 385, 379, 208, 458, 287, 363, 76, 254, 244, 136, 88, 138
365, 222, 462, 70, 177, 320, 306, 481, 381, 127, 138, 142, 273, 362, 391, 328, 79, 193, 183, 340, 79, 410, 418, 130, 146, 137, 58, 347, 415, 213, 198, 243, 127, 358, 70, 182, 83, 51, 152, 387, 125, 410, 324, 298, 224, 330, 418, 288, 424, 297, 384, 463, 322, 196, 297, 399, 245, 323, 205, 348, 312, 195, 470, 296, 89, 361, 323, 330, 216, 226, 306, 461, 122, 286, 302, 486, 203
429, 388, 220, 448, 387, 178, 182, 435, 302, 468, 224, 459, 272, 123, 426, 106, 100, 452, 388, 334, 104, 286, 334, 395, 283, 142, 422, 458, 206, 471, 187, 58, 211, 252, 310, 421, 340, 292, 431, 55, 298, 213, 341, 462, 97, 75, 57, 291, 356, 477, 473, 71, 438, 121, 238, 55, 151, 208, 235, 335, 361, 312, 487, 310, 491, 194, 485, 223, 157, 490, 337, 397, 418, 196, 181, 258, 403
498, 104, 91, 346, 110, 338, 380, 82, 387, 152, 314, 434, 103, 200, 213, 359, 386, 496, 98, 415, 477, 264, 398, 355, 394, 67, 310, 343, 341, 476, 180, 456, 275, 339, 471, 367, 265, 181, 310, 252, 194, 63, 319, 452, 353, 448, 129, 403, 254, 475, 321, 342, 329, 117, 280, 194, 237, 426, 257, 133, 326, 74, 333, 329, 211, 392, 259, 498, 85, 409, 219, 103, 159, 133, 247, 458, 103
233, 111, 477, 254, 461, 307, 139, 70, 189, 418, 154, 357, 187, 66, 461, 342, 321, 275, 272, 292, 429, 95, 278, 126, 437, 451, 388, 461, 301, 341, 302, 258, 408, 107, 91, 204, 399, 391, 245, 467, 257, 275, 269, 456, 63, 301, 76, 224, 244, 142, 377, 84, 385, 189, 497, 179, 267, 489, 396, 218, 315, 426, 489, 79, 448, 199, 85, 54, 482, 470, 296, 137, 242, 227, 395, 487, 340
218, 154, 355, 331, 97, 181, 62, 464, 303, 110, 420, 275, 402, 248, 196, 204, 91, 301, 96, 153, 387, 230, 381, 367, 179, 481, 87, 340, 77, 447, 450, 440, 251, 175, 246, 472, 217, 380, 262, 287, 85, 251, 384, 280, 225, 309, 455, 296, 463, 490, 64, 354, 149, 153, 277, 499, 436, 207, 224, 140, 71, 315, 66, 218, 256, 163, 358, 126, 111, 466, 267, 55, 358, 412, 140, 452, 321
284, 96, 68, 252, 447, 103, 237, 232, 367, 395, 318, 349, 141, 286, 388, 394, 225, 200, 317, 385, 447, 397, 173, 405, 86, 188, 194, 255, 268, 315, 134, 64, 268, 136, 137, 241, 168, 266, 463, 449, 365, 430, 145, 345, 376, 441, 428, 432, 406, 120, 462, 394, 487, 218, 332, 174, 351, 305, 60, 228, 404, 365, 324, 455, 169, 478, 372, 251, 201, 152, 297, 363, 288, 199, 493, 274, 326
262, 317, 394, 151, 183, 113, 376, 440, 175, 252, 270, 276, 482, 56, 362, 123, 247, 391, 148, 178, 203, 257, 490, 130, 297, 317, 221, 147, 140, 324, 493, 422, 393, 199, 289, 361, 364, 253, 266, 452, 222, 411, 66, 182, 390, 382, 483, 145, 255, 321, 300, 271, 163, 323, 150, 281, 94, 138, 109, 64, 129, 158, 382, 329, 159, 366, 150, 492, 419, 95, 455, 386, 163, 172, 118, 346, 468
363, 343, 214, 397, 382, 363, 306, 467, 455, 95, 377, 193, 330, 215, 348, 54, 464, 60, 347, 460, 58, 353, 157, 252, 272, 239, 191, 226, 451, 324, 463, 73, 76, 389, 290, 163, 467, 479, 119, 363, 387, 235, 469, 82, 314, 148, 183, 294, 196, 386, 383, 484, 288, 196, 395, 355, 157, 281, 318, 253, 63, 372, 182, 227, 392, 384, 301, 324, 448, 327, 286, 94, 471, 81, 307, 187, 341
443, 137, 113, 339, 138, 235, 456, 51, 57, 376, 225, 473, 479, 414, 494, 380, 239, 348, 172, 75, 411, 122, 215, 257, 329, 259, 258, 239, 198, 93, 485, 252, 214, 122, 164, 388, 425, 425, 115, 264, 265, 94, 450, 190, 290, 235, 244, 209, 172, 479, 302, 247, 322, 484, 226, 103, 272, 180, 189, 312, 394, 412, 264, 260, 149, 85, 392, 145, 316, 141, 145, 180, 70, 254, 310, 129, 198
303, 294, 402, 199, 430, 220, 442, 495, 198, 261, 293, 427, 465, 133, 467, 312, 396, 134, 74, 391, 309, 396, 210, 265, 105, 262, 142, 88, 486, 364, 208, 245, 346, 83, 352, 269, 201, 310, 327, 161, 225, 184, 460, 119, 98, 421, 397, 239, 240, 285, 419, 368, 353, 267, 164, 419, 335, 265, 421, 421, 94, 486, 235, 165, 80, 132, 65, 394, 467, 128, 293, 372, 314, 73, 128, 414, 57
391, 195, 417, 363, 258, 110, 400, 116, 195, 70, 372, 77, 253, 384, 382, 195, 138, 371, 447, 320, 360, 405, 256, 72, 94, 447, 309, 144, 177, 66, 132, 117, 391, 289, 250, 266, 327, 88, 352, 350, 349, 392, 166, 469, 103, 488, 124, 398, 275, 193, 305, 187, 313, 81, 331, 441, 74, 62, 232, 429, 483, 493, 320, 337, 343, 382, 490, 197, 440, 362, 59, 359, 439, 168, 56, 190, 244
260, 221, 439, 261, 231, 368, 382, 104, 147, 469, 406, 318, 113, 226, 481, 458, 475, 458, 336, 416, 451, 156, 380, 270, 129, 370, 176, 346, 496, 197, 259, 263, 293, 463, 495, 422, 57, 356, 285, 327, 112, 193, 62, 302, 345, 299, 305, 427, 417, 281, 275, 136, 382, 365, 344, 260, 253, 159, 155, 59, 52, 303, 465, 269, 233, 332, 393, 102, 450, 371, 245, 448, 395, 93, 226, 325, 244
85, 136, 163, 304, 498, 378, 416, 497, 313, 407, 88, 307, 302, 178, 252, 348, 203, 485, 234, 282, 150, 136, 292, 341, 348, 121, 192, 101, 243, 281, 263, 102, 343, 492, 66, 121, 106, 354, 102, 262, 223, 167, 323, 164, 227, 138, 321, 132, 460, 229, 88, 310, 351, 226, 252, 77, 53, 178, 224, 124, 389, 465, 157, 427, 302, 454, 341, 232, 482, 359, 401, 207, 357, 168, 58, 376, 116
105, 494, 303, 84, 206, 372, 136, 145, 171, 158, 50, 164, 461, 82, 350, 320, 384, 260, 463, 367, 374, 217, 424, 222, 136, 158, 64, 203, 390, 345, 153, 314, 229, 307, 271, 172, 101, 275, 407, 381, 494, 113, 341, 171, 68, 157, 416, 335, 346, 326, 55, 387, 375, 377, 231, 286, 127, 334, 236, 462, 342, 208, 71, 341, 497, 409, 80, 389, 434, 410, 395, 297, 238, 387, 112, 320, 251
101, 281, 149, 215, 217, 330, 349, 257, 231, 71, 205, 421, 93, 351, 81, 281, 471, 120, 306, 388, 367, 183, 297, 466, 424, 194, 369, 61, 390, 209, 385, 288, 309, 324, 173, 270, 266, 88, 369, 209, 274, 483, 455, 216, 311, 193, 269, 373, 379, 390, 139, 427, 328, 242, 403, 242, 76, 70, 372, 482, 380, 385, 431, 240, 402, 207, 373, 405, 381, 187, 300, 70, 499, 231, 367, 53, 412
402, 126, 443, 72, 246, 240, 119, 449, 341, 462, 402, 392, 129, 142, 381, 371, 413, 206, 376, 70, 456, 256, 62, 290, 311, 294, 309, 363, 277, 392, 475, 215, 213, 66, 235, 267, 93, 391, 290, 342, 94, 83, 83, 79, 497, 246, 88, 214, 79, 133, 188, 402, 453, 352, 174, 476, 459, 298, 427, 474, 84, 228, 178, 170, 99, 463, 424, 405, 221, 64, 324, 263, 75, 304, 444, 116, 220
312, 307, 92, 393, 228, 69, 348, 195, 87, 231, 209, 302, 122, 111, 127, 344, 137, 160, 100, 357, 401, 418, 252, 188, 217, 402, 415, 280, 96, 310, 392, 126, 246, 299, 104, 198, 124, 192, 167, 251, 81, 238, 191, 154, 162, 431, 204, 284, 174, 398, 240, 349, 438, 132, 277, 395, 491, 121, 434, 86, 259, 250, 68, 198, 271, 459, 276, 273, 457, 223, 249, 121, 296, 90, 212, 181, 273
287, 355, 494, 453, 205, 341, 387, 53, 457, 320, 499, 448, 176, 132, 176, 257, 304, 51, 373, 461, 176, 430, 327, 336, 473, 497, 252, 473, 436, 238, 305, 400, 351, 442, 358, 327, 410, 354, 62, 102, 230, 68, 291, 358, 385, 241, 261, 260, 343, 70, 237, 134, 331, 187, 340, 201, 365, 365, 434, 302, 336, 107, 301, 264, 353, 279, 391, 201, 241, 91, 215, 412, 335, 187, 364, 308, 108
176, 130, 274, 268, 191, 85, 304, 89, 478, 72, 122, 140, 370, 422, 281, 158, 324, 228, 417, 339, 341, 244, 280, 432, 169, 314, 85, 365, 57, 151, 194, 414, 445, 102, 67, 396, 114, 213, 112, 396, 144, 297, 106, 357, 363, 194, 282, 140, 146, 141, 145, 254, 114, 482, 80, 453, 470, 477, 96, 132, 435, 420, 78, 216, 446, 472, 474, 361, 311, 466, 53, 201, 348, 374, 192, 85, 134
133, 140, 417, 216, 467, 242, 137, 191, 134, 345, 123, 53, 292, 441, 240, 203, 83, 137, 211, 97, 207, 227, 347, 453, 286, 310, 62, 436, 167, 356, 69, 303, 275, 482, 377, 397, 173, 385, 366, 450, 422, 302, 112, 323, 259, 224, 496, 277, 192, 104, 119, 398, 483, 323, 114, 244, 161, 123, 112, 323, 496, 270, 179, 192, 164, 105, 336, 431, 459, 134, 147, 199, 116, 60, 404, 362, 212
453, 433, 491, 340, 379, 348, 236, 272, 122, 199, 190, 379, 365, 343, 66, 441, 171, 461, 277, 497, 392, 427, 118, 95, 487, 439, 498, 182, 490, 364, 159, 170, 137, 213, 191, 193, 263, 477, 159, 129, 154, 495, 395, 323, 277, 323, 362, 396, 416, 140, 131, 490, 374, 394, 455, 134, 188, 183, 369, 79, 471, 293, 81, 174, 455, 119, 442, 192, 279, 432, 432, 140, 349, 281, 82, 295, 468
314, 102, 90, 366, 100, 182, 429, 462, 436, 205, 72, 409, 389, 171, 310, 299, 431, 158, 189, 286, 255, 336, 357, 386, 71, 157, 437, 493, 311, 95, 303, 188, 273, 171, 224, 134, 381, 283, 455, 147, 420, 209, 154, 118, 402, 63, 313, 106, 274, 416, 135, 145, 403, 372, 319, 336, 402, 389, 288, 481, 122, 103, 56, 259, 405, 403, 245, 289, 75, 339, 242, 206, 63, 230, 52, 132, 278
315, 124, 215, 424, 281, 167, 369, 389, 70, 417, 462, 71, 77, 324, 214, 148, 192, 366, 281, 63, 410, 369, 430, 500, 55, 178, 421, 414, 59, 240, 250, 75, 144, 307, 97, 194, 72, 409, 445, 159, 248, 276, 59, 267, 110, 212, 398, 83, 329, 420, 229, 117, 349, 403, 155, 221, 244, 303, 212, 291, 407, 108, 308, 98, 328, 431, 154, 412, 279, 239, 220, 238, 55, 263, 189, 379, 435
305, 190, 53, 433, 51, 188, 343, 263, 187, 308, 417, 127, 154, 71, 378, 470, 368, 114, 404, 459, 140, 147, 200, 209, 175, 363, 105, 161, 320, 76, 291, 354, 118, 327, 53, 128, 170, 392, 304, 105, 320, 159, 283, 250, 342, 182, 81, 122, 484, 227, 500, 376, 243, 467, 95, 493, 335, 255, 262, 95, 248, 200, 57, 354, 469, 65, 227, 462, 239, 351, 310, 266, 407, 58, 447, 232, 126
358, 332, 218, 296, 324, 336, 338, 499, 294, 338, 190, 343, 135, 484, 290, 398, 327, 56, 146, 349, 318, 180, 270, 458, 187, 164, 425, 90, 100, 452, 204, 238, 263, 145, 262, 372, 463, 310, 263, 345, 77, 438, 149, 303, 215, 218, 203, 291, 89, 499, 385, 365, 253, 276, 157, 195, 120, 65, 243, 180, 211, 268, 442, 89, 449, 447, 172, 335, 478, 53, 471, 496, 133, 86, 98, 500, 133
133, 194, 89, 361, 122, 192, 379, 130, 413, 321, 411, 431, 203, 292, 331, 158, 456, 382, 190, 464, 111, 313, 303, 132, 364, 263, 443, 98, 305, 264, 228, 430, 216, 273, 410, 467, 429, 272, 292, 193, 465, 119, 429, 228, 240, 484, 295, 136, 71, 303, 295, 303, 100, 358, 178, 52, 215, 159, 390, 95, 202, 458, 360, 132, 221, 310, 403, 99, 138, 140, 410, 165, 311, 299, 151, 109, 107
78, 495, 305, 55, 354, 65, 390, 361, 149, 275, 81, 332, 498, 396, 138, 451, 479, 182, 287, 314, 481, 194, 395, 423, 290, 392, 362, 386, 193, 445, 106, 426, 236, 317, 367, 140, 172, 307, 339, 153, 466, 187, 400, 182, 497, 145, 300, 308, 138, 325, 218, 404, 403, 249, 262, 66, 443, 178, 277, 446, 113, 444, 107, 404, 109, 76, 223, 81, 139, 330, 369, 457, 414, 300, 145, 201, 102
358, 403, 335, 318, 256, 67, 231, 246, 423, 297, 360, 431, 463, 284, 245, 461, 439, 324, 376, 71, 89, 136, 82, 263, 435, 67, 467, 225, 256, 68, 487, 284, 285, 403, 390, 251, 283, 416, 74, 201, 273, 93, 402, 345, 448, 97, 171, 202, 352, 407, 483, 219, 155, 360, 78, 323, 283, 430, 318, 167, 396, 420, 359, 365, 383, 363, 378, 500, 358, 227, 370, 245, 163, 196, 270, 59, 85
201, 230, 290, 102, 248, 83, 469, 328, 211, 208, 164, 376, 398, 286, 396, 491, 290, 136, 160, 486, 300, 450, 432, 481, 51, 299, 473, 151, 284, 366, 466, 148, 334, 382, 100, 363, 181, 139, 283, 378, 223, 327, 406, 482, 256, 68, 77, 88, 242, 92, 152, 109, 350, 292, 323, 107, 285, 418, 130, 258, 482, 64, 192, 466, 149, 177, 352, 457, 332, 260, 373, 203, 400, 294, 427, 431, 255
200, 401, 139, 227, 351, 232, 395, 373, 182, 259, 117, 474, 112, 238, 304, 289, 261, 424, 358, 267, 234, 56, 430, 490, 149, 262, 362, 95, 170, 53, 334, 472, 185, 141, 216, 412, 486, 336, 427, 324, 467, 301, 350, 90, 85, 205, 428, 298, 442, 136, 344, 336, 272, 54, 223, 125, 489, 487, 430, 84, 365, 64, 55, 67, 498, 255, 464, 88, 208, 317, 346, 208, 317, 203, 471, 251, 98
311, 187, 55, 364, 209, 453, 260, 491, 351, 426, 205, 216, 200, 50, 381, 420, 384, 107, 377, 439, 429, 360, 215, 207, 499, 282, 266, 275, 92, 343, 438, 367, 406, 315, 192, 93, 448, 190, 218, 241, 122, 166, 482, 354, 322, 146, 111, 200, 134, 196, 293, 203, 404, 237, 92, 355, 374, 98, 273, 96, 305, 455, 371, 466, 138, 352, 319, 300, 71, 217, 344, 80, 175, 276, 136, 437, 369
417, 116, 293, 126, 481, 348, 235, 66, 244, 409, 331, 251, 417, 138, 270, 304, 470, 232, 367, 131, 133, 73, 418, 68, 148, 317, 305, 438, 184, 255, 185, 253, 175, 198, 406, 153, 466, 153, 483, 500, 214, 492, 231, 380, 466, 209, 442, 252, 467, 361, 359, 268, 57, 358, 57, 358, 177, 472, 486, 96, 249, 178, 494, 59, 468, 386, 203, 361, 81, 173, 107, 128, 433, 147, 247, 441, 495
200, 391, 309, 105, 355, 278, 158, 325, 458, 485, 245, 453, 375, 140, 318, 191, 304, 236, 184, 423, 373, 329, 135, 496, 494, 409, 355, 473, 422, 250, 111, 233, 181, 217, 403, 354, 60, 53, 275, 448, 293, 149, 56, 268, 314, 393, 272, 497, 476, 402, 241, 458, 256, 491, 290, 122, 473, 485, 381, 122, 184, 242, 205, 248, 301, 55, 57, 98, 492, 365, 303, 332, 330, 479, 126, 174, 85
160, 491, 398, 481, 138, 443, 208, 332, 174, 136, 306, 376, 166, 168, 270, 398, 353, 176, 273, 417, 191, 89, 308, 238, 321, 474, 253, 98, 80, 375, 283, 238, 341, 367, 111, 372, 96, 160, 298, 434, 137, 71, 276, 313, 267, 132, 226, 437, 172, 304, 182, 206, 114, 336, 200, 488, 167, 298, 184, 225, 185, 314, 226, 388, 391, 328, 60, 336, 423, 50, 86, 469, 144, 272, 99, 234, 212
399, 436, 70, 129, 69, 187, 499, 184, 237, 106, 390, 357, 113, 499, 101, 413, 247, 134, 234, 170, 461, 107, 273, 347, 132, 351, 399, 256, 240, 257, 219, 391, 429, 349, 381, 439, 50, 325, 347, 462, 411, 362, 344, 206, 97, 441, 257, 435, 168, 253, 352, 359, 172, 60, 294, 296, 235, 239, 261, 467, 70, 352, 168, 232, 458, 407, 78, 135, 140, 96, 57, 148, 118, 258, 109, 127, 323
107, 218, 363, 292, 57, 359, 452, 103, 144, 464, 445, 61, 203, 448, 135, 407, 455, 131, 240, 192, 467, 142, 368, 383, 459, 103, 170, 411, 208, 413, 141, 469, 453, 236, 51, 138, 194, 80, 193, 387, 183, 375, 174, 444, 362, 310, 204, 403, 188, 253, 110, 145, 323, 67, 436, 98, 120, 335, 441, 290, 252, 471, 216, 128, 475, 291, 218, 204, 162, 204, 414, 79, 299, 111, 228, 121, 404
176, 422, 82, 83, 345, 295, 496, 401, 349, 494, 485, 143, 388, 308, 414, 250, 488, 151, 280, 75, 225, 376, 391, 434, 397, 369, 116, 88, 374, 351, 329, 362, 356, 351, 465, 386, 386, 194, 498, 411, 408, 62, 73, 278, 100, 358, 406, 401, 171, 193, 403, 206, 203, 183, 310, 207, 363, 372, 429, 316, 424, 141, 145, 473, 357, 390, 136, 177, 121, 331, 91, 359, 231, 427, 499, 377, 124
355, 406, 289, 87, 177, 288, 355, 309, 130, 428, 479, 235, 398, 453, 279, 347, 293, 246, 458, 241, 240, 273, 174, 475, 188, 417, 342, 425, 201, 260, 348, 485, 86, 218, 297, 255, 382, 101, 231, 495, 282, 121, 395, 274, 410, 329, 289, 458, 341, 100, 439, 476, 481, 155, 409, 458, 188, 395, 185, 314, 178, 77, 205, 270, 91, 459, 403, 169, 371, 257, 483, 225, 265, 188, 243, 165, 461
339, 439, 332, 368, 93, 68, 354, 311, 224, 433, 482, 303, 238, 226, 353, 116, 450, 241, 402, 292, 482, 91, 198, 300, 474, 149, 51, 106, 196, 420, 57, 236, 275, 486, 424, 223, 202, 343, 320, 429, 63, 390, 170, 438, 435, 66, 429, 138, 370, 359, 140, 477, 217, 427, 429, 498, 281, 79, 354, 492, 246, 282, 105, 479, 347, 250, 59, 263, 106, 439, 52, 425, 357, 213, 198, 195, 207
151, 171, 133, 468, 342, 231, 414, 213, 91, 91, 472, 165, 118, 156, 283, 152, 175, 344, 212, 223, 344, 79, 406, 390, 251, 208, 112, 409, 483, 238, 307, 334, 147, 198, 113, 392, 377, 377, 355, 315, 466, 346, 407, 181, 170, 200, 483, 300, 382, 260, 230, 87, 452, 337, 57, 95, 315, 356, 248, 440, 486, 286, 354, 81, 330, 92, 172, 74, 67, 177, 247, 367, 345, 479, 73, 198, 57
101, 465, 441, 217, 82, 258, 392, 291, 295, 239, 80, 224, 481, 102, 57, 66, 169, 105, 145, 147, 321, 350, 475, 103, 129, 116, 75, 385, 323, 460, 379, 127, 211, 392, 92, 352, 178, 483, 431, 397, 349, 95, 197, 362, 165, 304, 174, 121, 352, 464, 471, 387, 151, 195, 277, 368, 347, 371, 157, 98, 64, 100, 187, 338, 160, 490, 241, 121, 269, 200, 370, 101, 287, 274, 219, 212, 243
469, 465, 118, 198, 288, 416, 340, 244, 431, 157, 236, 156, 238, 371, 141, 372, 108, 122, 476, 140, 101, 246, 161, 62, 354, 222, 91, 187, 485, 72, 82, 229, 226, 433, 227, 141, 141, 105, 347, 103, 491, 484, 388, 370, 77, 466, 359, 383, 413, 296, 220, 418, 459, 101, 181, 336, 207, 220, 66, 163, 108, 324, 109, 403, 286, 203, 102, 405, 454, 496, 129, 58, 492, 204, 282, 281, 322
434, 450, 361, 464, 407, 408, 154, 50, 297, 227, 430, 326, 258, 317, 304, 307, 406, 261, 441, 355, 354, 106, 66, 246, 342, 329, 427, 218, 329, 208, 244, 138, 314, 77, 131, 67, 383, 363, 445, 247, 91, 458, 494, 216, 171, 424, 209, 308, 134, 92, 319, 445, 151, 90, 360, 320, 106, 283, 319, 233, 269, 319, 410, 182, 441, 408, 127, 347, 83, 165, 90, 477, 110, 96, 257, 126, 119
232, 457, 300, 393, 123, 313, 465, 336, 350, 365, 293, 304, 322, 496, 200, 67, 68, 278, 165, 211, 308, 456, 119, 56, 144, 452, 406, 222, 130, 139, 152, 397, 414, 283, 177, 296, 289, 156, 192, 211, 436, 195, 314, 330, 210, 52, 469, 213, 134, 488, 165, 338, 191, 210, 293, 124, 146, 346, 190, 410, 492, 365, 439, 472, 389, 165, 216, 302, 189, 177, 320, 500, 150, 256, 215, 500, 437
219, 86, 331, 78, 208, 73, 423, 62, 430, 419, 281, 123, 128, 84, 463, 299, 297, 401, 83, 265, 478, 398, 402, 462, 94, 275, 445, 305, 178, 405, 274, 131, 232, 351, 395, 130, 64, 64, 253, 344, 339, 469, 242, 401, 112, 321, 305, 294, 235, 187, 328, 264, 381, 273, 326, 140, 103, 341, 333, 76, 182, 360, 107, 390, 151, 364, 104, 376, 182, 252, 60, 160, 489, 226, 386, 341, 211
131, 102, 362, 495, 287, 114, 347, 51, 428, 478, 301, 394, 334, 322, 210, 179, 401, 97, 439, 261, 347, 206, 265, 246, 330, 252, 291, 211, 457, 463, 226, 439, 451, 365, 222, 66, 159, 297, 473, 427, 157, 63, 474, 338, 281, 482, 405, 373, 351, 81, 50, 406, 431, 243, 166, 66, 159, 134, 361, 467, 200, 303, 324, 290, 342, 337, 166, 173, 247, 283, 178, 474, 479, 385, 169, 65, 403
427, 459, 147, 494, 251, 485, 450, 483, 290, 121, 261, 330, 261, 448, 177, 363, 193, 376, 483, 329, 381, 357, 138, 423, 407, 311, 279, 470, 466, 125, 444, 476, 194, 487, 247, 341, 259, 471, 73, 320, 410, 87, 169, 452, 175, 104, 329, 238, 437, 309, 185, 454, 353, 398, 490, 265, 375, 299, 61, 178, 337, 68, 206, 308, 144, 203, 88, 203, 142, 64, 78, 160, 479, 98, 409, 167, 372
59, 312, 329, 98, 222, 384, 223, 336, 306, 114, 56, 349, 225, 177, 169, 255, 343, 318, 122, 364, 173, 466, 449, 372, 495, 93, 421, 191, 389, 290, 116, 192, 165, 97, 79, 57, 290, 62, 148, 167, 307, 273, 451, 241, 82, 485, 336, 421, 373, 91, 222, 444, 59, 143, 103, 265, 440, 466, 304, 162, 80, 394, 303, 178, 193, 331, 237, 235, 123, 398, 159, 69, 59, 165, 81, 161, 393
308, 484, 321, 498, 320, 389, 238, 176, 232, 427, 99, 251, 481, 331, 409, 494, 400, 92, 88, 145, 449, 228, 141, 363, 469, 401, 266, 117, 88, 246, 256, 213, 437, 477, 369, 164, 263, 468, 396, 92, 261, 339, 404, 402, 418, 450, 190, 65, 85, 127, 438, 84, 479, 92, 319, 163, 433, 72, 471, 358, 283, 306, 454, 124, 228, 171, 326, 269, 332, 77, 253, 454, 198, 421, 211, 174, 113
197, 218, 479, 360, 259, 235, 201, 230, 383, 366, 306, 150, 475, 261, 60, 222, 324, 65, 297, 120, 192, 121, 100, 435, 292, 205, 108, 457, 153, 374, 387, 317, 458, 307, 212, 431, 121, 438, 193, 454, 379, 102, 351, 500, 430, 278, 433, 182, 434, 244, 188, 294, 286, 146, 106, 301, 361, 96, 206, 246, 311, 436, 239, 140, 210, 131, 349, 303, 347, 290, 296, 375, 139, 172, 451, 122, 62
88, 292, 278, 228, 138, 378, 58, 429, 385, 313, 373, 55, 159, 72, 140, 186, 351, 204, 318, 52, 265, 203, 106, 348, 191, 469, 377, 123, 191, 93, 184, 210, 137, 70, 147, 62, 474, 123, 186, 310, 137, 466, 384, 411, 272, 257, 111, 52, 404, 471, 148, 296, 205, 324, 302, 282, 385, 169, 146, 143, 392, 251, 63, 373, 410, 484, 468, 73, 436, 50, 408, 132, 457, 436, 407, 448, 143
389, 304, 88, 458, 244, 318, 381, 221, 295, 148, 380, 200, 489, 437, 275, 311, 250, 301, 289, 280, 228, 160, 245, 170, 155, 77, 418, 433, 225, 280, 476, 359, 225, 243, 224, 492, 464, 77, 140, 68, 479, 313, 196, 365, 87, 359, 427, 427, 250, 110, 421, 96, 53, 120, 467, 253, 226, 82, 262, 382, 330, 435, 392, 450, 338, 354, 122, 172, 51, 128, 300, 382, 167, 384, 182, 311, 350
103, 164, 480, 51, 446, 308, 445, 498, 456, 311, 229, 484, 124, 144, 249, 229, 66, 419, 166, 176, 219, 367, 418, 483, 497, 159, 316, 301, 288, 87, 325, 214, 226, 343, 128, 440, 189, 262, 101, 324, 494, 163, 85, 263, 226, 232, 80, 483, 283, 81, 200, 455, 410, 464, 338, 54, 371, 264, 142, 151, 419, 92, 142, 59, 66, 82, 226, 315, 162, 166, 312, 481, 247, 422, 340, 472, 138
56, 315, 225, 306, 491, 175, 72, 75, 403, 353, 174, 468, 331, 268, 253, 331, 252, 218, 102, 354, 176, 226, 102, 481, 164, 137, 465, 88, 301, 464, 261, 235, 125, 92, 362, 160, 341, 344, 370, 84, 273, 477, 88, 155, 336, 499, 409, 229, 253, 419, 299, 441, 176, 325, 161, 186, 433, 325, 60, 364, 138, 390, 438, 233, 91, 407, 50, 361, 130, 256, 134, 90, 442, 200, 469, 148, 179
259, 158, 187, 104, 156, 55, 262, 253, 459, 292, 392, 71, 414, 156, 143, 417, 213, 188, 396, 54, 404, 310, 389, 261, 93, 493, 312, 52, 216, 354, 495, 207, 357, 385, 342, 281, 401, 245, 446, 184, 333, 355, 480, 261, 361, 212, 121, 97, 123, 487, 303, 383, 157, 91, 459, 212, 291, 268, 464, 102, 122, 197, 497, 213, 351, 290, 300, 492, 64, 63, 419, 210, 488, 314, 414, 393, 194
177, 243, 234, 60, 148, 74, 88, 204, 191, 347, 91, 324, 108, 401, 461, 307, 408, 394, 258, 196, 63, 194, 147, 311, 171, 152, 336, 187, 218, 191, 242, 456, 80, 286, 113, 482, 125, 240, 258, 388, 187, 199, 234, 107, 152, 367, 295, 271, 435, 227, 111, 161, 381, 358, 145, 109, 201, 375, 397, 157, 138, 254, 83, 458, 268, 297, 209, 224, 251, 64, 82, 87, 357, 230, 98, 195, 284
262, 436, 84, 171, 122, 170, 327, 291, 101, 242, 345, 397, 200, 135, 166, 251, 309, 173, 311, 254, 181, 351, 314, 325, 401, 361, 293, 366, 149, 473, 411, 362, 296, 177, 294, 330, 321, 377, 80, 62, 443, 229, 295, 250, 137, 341, 409, 499, 137, 269, 210, 224, 472, 158, 474, 124, 327, 302, 198, 167, 263, 318, 410, 391, 67, 122, 320, 246, 224, 463, 169, 292, 206, 315, 420, 492, 396
326, 290, 176, 445, 252, 282, 296, 280, 448, 63, 209, 425, 141, 99, 73, 482, 54, 94, 403, 398, 314, 349, 418, 381, 407, 141, 311, 276, 388, 341, 384, 429, 61, 135, 339, 177, 88, 213, 488, 475, 258, 450, 75, 292, 446, 308, 248, 498, 413, 140, 271, 241, 390, 460, 333, 430, 228, 436, 166, 262, 339, 85, 212, 335, 280, 306, 280, 404, 295, 262, 63, 201, 59, 322, 301, 376, 208
463, 215, 491, 468, 301, 92, 156, 383, 211, 227, 320, 457, 484, 470, 284, 328, 325, 172, 161, 414, 160, 326, 56, 356, 349, 148, 209, 129, 121, 100, 382, 325, 396, 292, 241, 91, 338, 323, 489, 137, 424, 304, 75, 285, 454, 327, 101, 288, 77, 477, 260, 492, 112, 472, 101, 409, 295, 210, 475, 129, 182, 335, 373, 121, 199, 458, 394, 169, 334, 229, 105, 401, 444, 206, 403, 378, 471
483, 492, 285, 391, 491, 53, 369, 66, 168, 159, 361, 314, 463, 304, 470, 229, 85, 84, 298, 87, 118, 283, 140, 330, 178, 50, 327, 304, 54, 163, 365, 442, 313, 82, 342, 202, 101, 102, 220, 241, 450, 136, 171, 295, 188, 251, 186, 341, 215, 107, 451, 118, 170, 307, 233, 210, 244, 177, 58, 314, 89, 203, 416, 274, 84, 94, 282, 91, 226, 431, 356, 398, 87, 233, 267, 101, 425
346, 61, 437, 226, 441, 138, 263, 233, 271, 334, 317, 465, 183, 474, 433, 55, 475, 120, 462, 486, 115, 150, 232, 421, 217, 405, 436, 228, 217, 438, 173, 471, 481, 399, 423, 379, 128, 188, 233, 122, 254, 234, 338, 174, 493, 369, 263, 157, 66, 293, 160, 139, 472, 55, 234, 230, 315, 292, 106, 355, 116, 288, 74, 210, 255, 133, 235, 102, 432, 238, 494, 427, 460, 265, 161, 93, 333
273, 227, 375, 306, 225, 284, 50, 483, 111, 379, 417, 251, 446, 389, 288, 133, 156, 359, 198, 279, 433, 192, 425, 423, 189, 154, 130, 52, 160, 108, 295, 164, 142, 123, 89, 234, 67, 118, 179, 332, 297, 396, 439, 323, 387, 130, 235, 149, 230, 369, 250, 111, 346, 257, 480, 231, 476, 254, 326, 337, 347, 163, 92, 458, 385, 424, 112, 312, 495, 54, 353, 485, 397, 284, 143, 355, 307
471, 206, 300, 489, 336, 395, 487, 199, 416, 199, 158, 475, 145, 260, 113, 84, 432, 129, 492, 141, 341, 426, 124, 347, 314, 51, 68, 103, 159, 370, 221, 234, 135, 273, 427, 382, 117, 297, 102, 71, 495, 369, 316, 485, 132, 387, 89, 80, 203, 494, 67, 163, 158, 448, 164, 331, 113, 445, 164, 471, 257, 435, 201, 159, 319, 362, 239, 317, 480, 177, 394, 466, 458, 408, 498, 287, 327
193, 390, 189, 285, 496, 490, 377, 315, 126, 362, 283, 178, 375, 192, 156, 197, 310, 89, 61, 485, 448, 380, 73, 131, 241, 387, 273, 390, 497, 122, 194, 258, 407, 450, 308, 389, 364, 443, 198, 60, 109, 223, 177, 317, 422, 196, 68, 161, 326, 169, 165, 469, 426, 263, 258, 305, 168, 309, 363, 73, 260, 99, 152, 446, 324, 83, 171, 460, 75, 50, 389, 309, 314, 335, 180, 356, 225
490, 231, 321, 491, 205, 310, 71, 303, 466, 459, 471, 187, 499, 431, 157, 493, 154, 262, 259, 136, 123, 219, 317, 397, 65, 343, 325, 148, 103, 131, 72, 218, 205, 421, 353, 425, 179, 316, 73, 368, 347, 77, 54, 267, 135, 436, 165, 455, 496, 117, 122, 339, 250, 312, 312, 211, 401, 451, 355, 107, 470, 299, 292, 199, 411, 451, 486, 287, 493, 387, 198, 404, 350, 160, 456, 479, 250
468, 438, 413, 180, 57, 494, 110, 333, 477, 282, 330, 133, 134, 261, 399, 137, 250, 215, 113, 286, 306, 313, 463, 270, 196, 362, 83, 86, 379, 89, 130, 156, 204, 327, 142, 106, 315, 270, 304, 248, 238, 393, 401, 87, 271, 386, 141, 465, 455, 369, 108, 404, 261, 228, 426, 405, 465, 204, 271, 183, 275, 348, 103, 382, 465, 376, 400, 200, 321, 94, 339, 170, 341, 96, 231, 367, 494
198, 157, 136, 439, 361, 191, 287, 250, 147, 439, 369, 205, 443, 448, 55, 358, 418, 245, 428, 146, 141, 417, 425, 435, 388, 170, 255, 368, 301, 208, 211, 389, 454, 291, 342, 407, 215, 204, 470, 141, 132, 134, 175, 305, 472, 461, 102, 89, 447, 133, 162, 165, 223, 500, 315, 401, 118, 326, 454, 360, 172, 192, 85, 109, 249, 266, 108, 442, 245, 377, 280, 289, 464, 431, 432, 60, 357